-- 사용자 UUID 설정
SET @userId1 = UUID_TO_BIN('01973e47-3880-7a9e-a911-e690832f6e7f');
SET @userId2 = UUID_TO_BIN('01973e49-1a20-7a1d-bfc2-94d41828b5fd');
SET @userId3 = UUID_TO_BIN('01973e4a-1a20-7a2a-8891-7d892c4e52f1');

-- 사용자 데이터 삽입
INSERT INTO `user` VALUES
(@userId1,'test1@test.com','fa585d89c851dd338a70dcf535aa2a92fee7836dd6aff1226583e88e0996293f16bc009c652826e0fc5c706695a03cddce372f139eff4d13959da6f1f5d3eabe',NULL,'A','USER','2025-01-01 00:00:00','system',NULL,NULL,FALSE),
(@userId2,'test2@test.com','fa585d89c851dd338a70dcf535aa2a92fee7836dd6aff1226583e88e0996293f16bc009c652826e0fc5c706695a03cddce372f139eff4d13959da6f1f5d3eabe',NULL,'B','USER','2025-01-01 00:00:00','system',NULL,NULL,FALSE),
(@userId3,'test3@test.com','fa585d89c851dd338a70dcf535aa2a92fee7836dd6aff1226583e88e0996293f16bc009c652826e0fc5c706695a03cddce372f139eff4d13959da6f1f5d3eabe',NULL,'C','USER','2025-01-01 00:00:00','system',NULL,NULL,FALSE);

-- 채팅룸 UUID 설정
SET @roomId1 = UUID_TO_BIN('01973e48-1a08-7291-98cd-c310411e7ec2');
SET @roomId2 = UUID_TO_BIN('01973e48-1df0-74dc-b2d9-0e17155cd52b');
SET @roomId3 = UUID_TO_BIN('01973e48-21d8-7c97-8b21-5eea9a79a094');
SET @roomId4 = UUID_TO_BIN('01973e48-25c0-7c4d-9ab8-657a27171105');
SET @roomId5 = UUID_TO_BIN('01973e48-29a8-7f41-bd5b-cbb0f1d7bda6');
SET @roomId6 = UUID_TO_BIN('01973e48-2d90-7b92-9214-7cc342090025');
SET @roomId7 = UUID_TO_BIN('01973e48-3178-72f2-a665-a60c12d28918');
SET @roomId8 = UUID_TO_BIN('01973e48-3560-7a5e-b660-2031b40b1523');
SET @roomId9 = UUID_TO_BIN('01973e48-3948-769c-9f44-232fddad0156');

-- 채팅룸 데이터 삽입
INSERT INTO `chat_room` VALUES
(@roomId1,@userId1,NULL,'테스트룸1','2025-01-01 00:00:00','system',NULL,NULL,FALSE),
(@roomId2,@userId1,NULL,'테스트룸2','2025-01-01 00:00:00','system',NULL,NULL,FALSE),
(@roomId3,@userId1,NULL,'테스트룸3','2025-01-01 00:00:00','system',NULL,NULL,FALSE),
(@roomId4,@userId2,NULL,'테스트룸4','2025-01-01 00:00:00','system',NULL,NULL,FALSE),
(@roomId5,@userId2,NULL,'테스트룸5','2025-01-01 00:00:00','system',NULL,NULL,FALSE),
(@roomId6,@userId2,NULL,'테스트룸6','2025-01-01 00:00:00','system',NULL,NULL,FALSE),
(@roomId7,@userId3,NULL,'테스트룸7','2025-01-01 00:00:00','system',NULL,NULL,FALSE),
(@roomId8,@userId3,NULL,'테스트룸8','2025-01-01 00:00:00','system',NULL,NULL,FALSE),
(@roomId9,@userId3,NULL,'테스트룸9','2025-01-01 00:00:00','system',NULL,NULL,FALSE);

-- 채팅 데이터 삽입
INSERT INTO `chat` VALUES
(@userId1,@roomId1,NULL,NULL,'2025-01-01 00:00:00','2025-01-01 00:00:00','system',NULL,NULL,FALSE),
(@userId1,@roomId2,NULL,NULL,'2025-01-01 00:00:00','2025-01-01 00:00:00','system',NULL,NULL,FALSE),
(@userId1,@roomId3,NULL,NULL,'2025-01-01 00:00:00','2025-01-01 00:00:00','system',NULL,NULL,FALSE),
(@userId2,@roomId4,NULL,NULL,'2025-01-01 00:00:00','2025-01-01 00:00:00','system',NULL,NULL,FALSE),
(@userId2,@roomId5,NULL,NULL,'2025-01-01 00:00:00','2025-01-01 00:00:00','system',NULL,NULL,FALSE),
(@userId2,@roomId6,NULL,NULL,'2025-01-01 00:00:00','2025-01-01 00:00:00','system',NULL,NULL,FALSE),
(@userId3,@roomId7,NULL,NULL,'2025-01-01 00:00:00','2025-01-01 00:00:00','system',NULL,NULL,FALSE),
(@userId3,@roomId8,NULL,NULL,'2025-01-01 00:00:00','2025-01-01 00:00:00','system',NULL,NULL,FALSE),
(@userId3,@roomId9,NULL,NULL,'2025-01-01 00:00:00','2025-01-01 00:00:00','system',NULL,NULL,FALSE);
